ID,Location,Price,Experience,Other,RR
242,1,1,1,1,0.05
1545,1,1,1,1,0.05
1855,1,1,1,1,0.05
3464,1,1,1,1,0.05
4583,1,1,1,1,0.05
6753,1,1,1,1,0.05
11976,1,1,1,1,0.05
12305,1,1,1,1,0.05
14290,1,1,1,1,0.05
15785,1,1,1,1,0.05
16273,1,1,1,1,0.05
16382,1,1,1,1,0.05
18239,1,1,1,1,0.05
20647,1,1,1,1,0.05
23884,1,1,1,1,0.05
25213,1,1,1,1,0.05
25552,1,1,1,1,0.05
25987,1,1,1,1,0.05
26489,1,1,1,1,0.05
28102,1,1,1,1,0.05
28275,1,1,1,1,0.05
29267,1,1,1,1,0.05
32714,1,1,1,1,0.05
34875,1,1,1,1,0.05
35359,1,1,1,1,0.05
36114,1,1,1,1,0.05
36143,1,1,1,1,0.05
36933,1,1,1,1,0.05
39076,1,1,1,1,0.05
39083,1,1,1,1,0.05
39607,1,2,1,2,0.05
40672,1,2,1,2,0.05
42227,1,2,1,2,0.05
42534,1,2,1,2,0.05
44129,1,2,1,2,0.05
44768,1,2,1,2,0.05
45558,1,2,1,2,0.05
45973,1,2,1,2,0.05
46960,1,2,1,2,0.05
47652,1,2,1,2,0.05
48596,1,2,1,2,0.05
49978,1,2,1,2,0.05
51432,1,2,1,2,0.05
52821,1,2,1,2,0.05
53085,1,2,1,2,0.05
53563,1,2,1,2,0.05
53697,1,2,1,2,0.05
54024,1,2,1,2,0.05
56708,1,2,1,2,0.05
57439,1,2,1,2,0.05
58057,1,2,1,2,0.05
59753,1,2,1,2,0.05
60125,1,2,1,2,0.05
62148,1,2,1,2,0.05
62168,1,2,1,2,0.05
62463,1,2,1,2,0.05
63614,1,2,1,2,0.05
66591,1,2,1,2,0.05
67822,1,2,1,2,0.05
69510,1,2,1,2,0.05
69625,1,1,1,3,0.07
71910,1,1,1,3,0.07
73160,1,1,1,3,0.07
73259,1,1,1,3,0.07
73382,1,1,1,3,0.07
74946,1,1,1,3,0.07
76575,1,1,1,3,0.07
77442,1,1,1,3,0.07
79272,1,1,1,3,0.07
81848,1,1,1,3,0.07
83174,1,1,1,3,0.07
83820,1,1,1,3,0.07
84941,1,1,1,3,0.07
87303,1,1,1,3,0.07
87430,1,1,1,3,0.07
88243,1,1,1,3,0.07
88575,1,1,1,3,0.07
89259,1,1,1,3,0.07
89894,1,1,1,3,0.07
95172,1,1,1,3,0.07
96467,1,1,1,3,0.07
101649,1,1,1,3,0.07
102500,1,1,1,3,0.07
103532,1,1,1,3,0.07
103683,1,1,1,3,0.07
104905,1,1,1,3,0.07
105545,1,1,1,3,0.07
106020,1,1,1,3,0.07
106764,1,1,1,3,0.07
106998,1,1,1,3,0.07
107265,1,2,1,4,0.08
108969,1,2,1,4,0.08
109027,1,2,1,4,0.08
109864,1,2,1,4,0.08
109964,1,2,1,4,0.08
112202,1,2,1,4,0.08
112745,1,2,1,4,0.08
114383,1,2,1,4,0.08
116650,1,2,1,4,0.08
119463,1,2,1,4,0.08
119649,1,2,1,4,0.08
120053,1,2,1,4,0.08
120603,1,2,1,4,0.08
121621,1,2,1,4,0.08
121913,1,2,1,4,0.08
122963,1,2,1,4,0.08
124034,1,2,1,4,0.08
124760,1,2,1,4,0.08
128589,1,2,1,4,0.08
129184,1,2,1,4,0.08
131608,1,2,1,4,0.08
132476,1,2,1,4,0.08
132648,1,2,1,4,0.08
133226,1,2,1,4,0.08
136317,1,2,1,4,0.08
139463,1,2,1,4,0.08
140112,1,2,1,4,0.08
143210,1,2,1,4,0.08
145781,1,2,1,4,0.08
149108,1,2,1,4,0.08
149299,1,2,2,1,0.02
152022,1,2,2,1,0.02
152077,1,2,2,1,0.02
153980,1,2,2,1,0.02
154023,1,2,2,1,0.02
154501,1,2,2,1,0.02
155520,1,2,2,1,0.02
158110,1,2,2,1,0.02
160987,1,2,2,1,0.02
163598,1,2,2,1,0.02
163725,1,2,2,1,0.02
164122,1,2,2,1,0.02
164831,1,2,2,1,0.02
166259,1,2,2,1,0.02
166414,1,2,2,1,0.02
169605,1,2,2,1,0.02
169861,1,2,2,1,0.02
171655,1,2,2,1,0.02
177568,1,2,2,1,0.02
178101,1,2,2,1,0.02
178226,1,2,2,1,0.02
178873,1,2,2,1,0.02
179019,1,2,2,1,0.02
179875,1,2,2,1,0.02
179882,1,2,2,1,0.02
184904,1,2,2,1,0.02
185405,1,2,2,1,0.02
187599,1,2,2,1,0.02
188435,1,2,2,1,0.02
190603,1,2,2,1,0.02
190744,1,2,2,2,0.03
192017,1,2,2,2,0.03
192686,1,2,2,2,0.03
192963,1,2,2,2,0.03
195746,1,2,2,2,0.03
199590,1,2,2,2,0.03
200845,1,2,2,2,0.03
201878,1,2,2,2,0.03
206084,1,2,2,2,0.03
207522,1,2,2,2,0.03
207763,1,2,2,2,0.03
209151,1,2,2,2,0.03
214315,1,2,2,2,0.03
214934,1,2,2,2,0.03
215614,1,2,2,2,0.03
216503,1,2,2,2,0.03
216575,1,2,2,2,0.03
216803,1,2,2,2,0.03
217054,1,2,2,2,0.03
217165,1,2,2,2,0.03
217782,1,2,2,2,0.03
218324,1,2,2,2,0.03
218398,1,2,2,2,0.03
220158,1,2,2,2,0.03
221140,1,2,2,2,0.03
221769,1,2,2,2,0.03
224167,1,2,2,2,0.03
227224,1,2,2,2,0.03
228135,1,2,2,2,0.03
232107,1,2,2,2,0.03
232228,1,2,2,3,0.04
233737,1,2,2,3,0.04
237036,1,2,2,3,0.04
237716,1,2,2,3,0.04
238649,1,2,2,3,0.04
241832,1,2,2,3,0.04
243807,1,2,2,3,0.04
244831,1,2,2,3,0.04
245362,1,2,2,3,0.04
248299,1,2,2,3,0.04
248525,1,2,2,3,0.04
249384,1,2,2,3,0.04
249453,1,2,2,3,0.04
250935,1,2,2,3,0.04
251048,1,2,2,3,0.04
251610,1,2,2,3,0.04
252358,1,2,2,3,0.04
252422,1,2,2,3,0.04
253149,1,2,2,3,0.04
253414,1,2,2,3,0.04
256010,1,2,2,3,0.04
256153,1,2,2,3,0.04
259134,1,2,2,3,0.04
260494,1,2,2,3,0.04
260580,1,2,2,3,0.04
260757,1,2,2,3,0.04
261613,1,2,2,3,0.04
264068,1,2,2,3,0.04
264119,1,2,2,3,0.04
266549,1,2,2,3,0.04
267607,1,3,2,4,0.05
267952,1,3,2,4,0.05
271388,1,3,2,4,0.05
273276,1,3,2,4,0.05
273305,1,3,2,4,0.05
273675,1,3,2,4,0.05
273965,1,3,2,4,0.05
274685,1,3,2,4,0.05
275447,1,3,2,4,0.05
277663,1,3,2,4,0.05
281250,1,3,2,4,0.05
281980,1,3,2,4,0.05
282164,1,3,2,4,0.05
283598,1,3,2,4,0.05
283938,1,3,2,4,0.05
284364,1,3,2,4,0.05
285403,1,3,2,4,0.05
285929,1,3,2,4,0.05
286282,1,3,2,4,0.05
286812,1,3,2,4,0.05
289519,1,3,2,4,0.05
291593,1,3,2,4,0.05
292254,1,3,2,4,0.05
292407,1,3,2,4,0.05
294290,1,3,2,4,0.05
294950,1,3,2,4,0.05
295822,1,3,2,4,0.05
297166,1,3,2,4,0.05
297484,1,3,2,4,0.05
298583,1,3,2,4,0.05
299182,2,1,1,1,0.04
300436,2,1,1,1,0.04
300677,2,1,1,1,0.04
301431,2,1,1,1,0.04
303193,2,1,1,1,0.04
303244,2,1,1,1,0.04
305325,2,1,1,1,0.04
305671,2,1,1,1,0.04
306465,2,1,1,1,0.04
307279,2,1,1,1,0.04
307772,2,1,1,1,0.04
308519,2,1,1,1,0.04
309619,2,1,1,1,0.04
310364,2,1,1,1,0.04
311756,2,1,1,1,0.04
312208,2,1,1,1,0.04
313048,2,1,1,1,0.04
316341,2,1,1,1,0.04
316464,2,1,1,1,0.04
317093,2,1,1,1,0.04
318648,2,1,1,1,0.04
319921,2,1,1,1,0.04
320292,2,1,1,1,0.04
322126,2,1,1,1,0.04
325556,2,1,1,1,0.04
326255,2,1,1,1,0.04
330962,2,1,1,1,0.04
333860,2,1,1,1,0.04
334959,2,1,1,1,0.04
335786,2,1,1,1,0.04
336616,2,4,1,2,0.01
336839,2,4,1,2,0.01
337286,2,4,1,2,0.01
339505,2,4,1,2,0.01
340210,2,4,1,2,0.01
341586,2,4,1,2,0.01
343052,2,4,1,2,0.01
344081,2,4,1,2,0.01
344229,2,4,1,2,0.01
344474,2,4,1,2,0.01
345930,2,4,1,2,0.01
349844,2,4,1,2,0.01
353453,2,4,1,2,0.01
354106,2,4,1,2,0.01
357177,2,4,1,2,0.01
357480,2,4,1,2,0.01
358248,2,4,1,2,0.01
359545,2,4,1,2,0.01
360888,2,4,1,2,0.01
361235,2,4,1,2,0.01
363260,2,4,1,2,0.01
365602,2,4,1,2,0.01
366323,2,4,1,2,0.01
368244,2,4,1,2,0.01
368452,2,4,1,2,0.01
368488,2,4,1,2,0.01
369076,2,4,1,2,0.01
369202,2,4,1,2,0.01
369790,2,4,1,2,0.01
371010,2,4,1,2,0.01
371593,2,2,1,3,0.05
372102,2,2,1,3,0.05
374365,2,2,1,3,0.05
374498,2,2,1,3,0.05
374765,2,2,1,3,0.05
375167,2,2,1,3,0.05
375577,2,2,1,3,0.05
376293,2,2,1,3,0.05
376689,2,2,1,3,0.05
378083,2,2,1,3,0.05
378786,2,2,1,3,0.05
380423,2,2,1,3,0.05
381620,2,2,1,3,0.05
382188,2,2,1,3,0.05
383189,2,2,1,3,0.05
383484,2,2,1,3,0.05
385633,2,2,1,3,0.05
386061,2,2,1,3,0.05
388432,2,2,1,3,0.05
389630,2,2,1,3,0.05
390710,2,2,1,3,0.05
391865,2,2,1,3,0.05
392150,2,2,1,3,0.05
393342,2,2,1,3,0.05
395927,2,2,1,3,0.05
398875,2,2,1,3,0.05
401967,2,2,1,3,0.05
402653,2,2,1,3,0.05
402814,2,2,1,3,0.05
405662,2,2,1,3,0.05
407835,2,2,1,4,0.07
408545,2,2,1,4,0.07
411254,2,2,1,4,0.07
411788,2,2,1,4,0.07
412139,2,2,1,4,0.07
413293,2,2,1,4,0.07
414331,2,2,1,4,0.07
415987,2,2,1,4,0.07
418109,2,2,1,4,0.07
418798,2,2,1,4,0.07
419502,2,2,1,4,0.07
420193,2,2,1,4,0.07
420742,2,2,1,4,0.07
422545,2,2,1,4,0.07
423074,2,2,1,4,0.07
423616,2,2,1,4,0.07
425002,2,2,1,4,0.07
434508,2,2,1,4,0.07
435778,2,2,1,4,0.07
436368,2,2,1,4,0.07
436767,2,2,1,4,0.07
437594,2,2,1,4,0.07
442725,2,2,1,4,0.07
443036,2,2,1,4,0.07
443076,2,2,1,4,0.07
443511,2,2,1,4,0.07
443577,2,2,1,4,0.07
445500,2,2,1,4,0.07
447272,2,2,1,4,0.07
449485,2,2,1,4,0.07
452451,2,4,2,1,-0.02
457289,2,4,2,1,-0.02
457677,2,4,2,1,-0.02
458070,2,4,2,1,-0.02
458328,2,4,2,1,-0.02
459961,2,4,2,1,-0.02
460016,2,4,2,1,-0.02
462280,2,4,2,1,-0.02
462308,2,4,2,1,-0.02
463119,2,4,2,1,-0.02
463782,2,4,2,1,-0.02
469057,2,4,2,1,-0.02
469214,2,4,2,1,-0.02
470286,2,4,2,1,-0.02
473117,2,4,2,1,-0.02
476174,2,4,2,1,-0.02
476430,2,4,2,1,-0.02
476507,2,4,2,1,-0.02
476525,2,4,2,1,-0.02
476904,2,4,2,1,-0.02
477648,2,4,2,1,-0.02
478380,2,4,2,1,-0.02
479262,2,4,2,1,-0.02
479815,2,4,2,1,-0.02
480344,2,4,2,1,-0.02
483011,2,4,2,1,-0.02
485440,2,4,2,1,-0.02
485552,2,4,2,1,-0.02
489202,2,4,2,1,-0.02
490589,2,4,2,1,-0.02
490670,2,4,2,2,-0.01
492377,2,4,2,2,-0.01
493449,2,4,2,2,-0.01
493739,2,4,2,2,-0.01
495514,2,4,2,2,-0.01
498446,2,4,2,2,-0.01
500405,2,4,2,2,-0.01
502248,2,4,2,2,-0.01
503019,2,4,2,2,-0.01
503812,2,4,2,2,-0.01
505827,2,4,2,2,-0.01
507881,2,4,2,2,-0.01
507929,2,4,2,2,-0.01
508557,2,4,2,2,-0.01
509498,2,4,2,2,-0.01
509976,2,4,2,2,-0.01
510130,2,4,2,2,-0.01
511208,2,4,2,2,-0.01
512391,2,4,2,2,-0.01
515457,2,4,2,2,-0.01
516246,2,4,2,2,-0.01
516267,2,4,2,2,-0.01
517415,2,4,2,2,-0.01
518470,2,4,2,2,-0.01
519205,2,4,2,2,-0.01
519638,2,4,2,2,-0.01
519974,2,4,2,2,-0.01
520026,2,4,2,2,-0.01
520484,2,4,2,2,-0.01
521869,2,4,2,2,-0.01
522372,2,1,2,3,0.04
522749,2,1,2,3,0.04
524875,2,1,2,3,0.04
524948,2,1,2,3,0.04
525049,2,1,2,3,0.04
525070,2,1,2,3,0.04
526420,2,1,2,3,0.04
529814,2,1,2,3,0.04
532058,2,1,2,3,0.04
532714,2,1,2,3,0.04
533103,2,1,2,3,0.04
533897,2,1,2,3,0.04
536171,2,1,2,3,0.04
536342,2,1,2,3,0.04
536980,2,1,2,3,0.04
538228,2,1,2,3,0.04
538793,2,1,2,3,0.04
540330,2,1,2,3,0.04
540845,2,1,2,3,0.04
541196,2,1,2,3,0.04
541343,2,1,2,3,0.04
541522,2,1,2,3,0.04
542499,2,1,2,3,0.04
543659,2,1,2,3,0.04
544905,2,1,2,3,0.04
547473,2,1,2,3,0.04
549281,2,1,2,3,0.04
551051,2,1,2,3,0.04
553307,2,1,2,3,0.04
553347,2,1,2,3,0.04
553764,2,4,2,4,0.02
554178,2,4,2,4,0.02
555209,2,4,2,4,0.02
556744,2,4,2,4,0.02
558154,2,4,2,4,0.02
558427,2,4,2,4,0.02
562508,2,4,2,4,0.02
562723,2,4,2,4,0.02
564312,2,4,2,4,0.02
565071,2,4,2,4,0.02
566100,2,4,2,4,0.02
566169,2,4,2,4,0.02
566590,2,4,2,4,0.02
567791,2,4,2,4,0.02
568537,2,4,2,4,0.02
568990,2,4,2,4,0.02
570021,2,4,2,4,0.02
570498,2,4,2,4,0.02
571528,2,4,2,4,0.02
572105,2,4,2,4,0.02
574678,2,4,2,4,0.02
576350,2,4,2,4,0.02
580806,2,4,2,4,0.02
583324,2,4,2,4,0.02
586695,2,4,2,4,0.02
587517,2,4,2,4,0.02
587830,2,4,2,4,0.02
588033,2,4,2,4,0.02
588148,2,4,2,4,0.02
589094,2,4,2,4,0.02
593023,3,4,1,1,0.05
594375,3,4,1,1,0.05
598614,3,4,1,1,0.05
599873,3,4,1,1,0.05
600346,3,4,1,1,0.05
602194,3,4,1,1,0.05
602972,3,4,1,1,0.05
604490,3,4,1,1,0.05
606790,3,4,1,1,0.05
607063,3,4,1,1,0.05
609266,3,4,1,1,0.05
609569,3,4,1,1,0.05
613313,3,4,1,1,0.05
615441,3,4,1,1,0.05
617708,3,4,1,1,0.05
617852,3,4,1,1,0.05
620896,3,4,1,1,0.05
621384,3,4,1,1,0.05
622542,3,4,1,1,0.05
624682,3,4,1,1,0.05
626674,3,4,1,1,0.05
627371,3,4,1,1,0.05
633134,3,4,1,1,0.05
633624,3,4,1,1,0.05
633664,3,4,1,1,0.05
633713,3,4,1,1,0.05
634626,3,4,1,1,0.05
635963,3,4,1,1,0.05
636234,3,4,1,1,0.05
637249,3,4,1,1,0.05
638069,3,1,1,2,0.1
640599,3,1,1,2,0.1
641479,3,1,1,2,0.1
641787,3,1,1,2,0.1
642032,3,1,1,2,0.1
642429,3,1,1,2,0.1
642596,3,1,1,2,0.1
644086,3,1,1,2,0.1
645493,3,1,1,2,0.1
645955,3,1,1,2,0.1
647669,3,1,1,2,0.1
648509,3,1,1,2,0.1
649198,3,1,1,2,0.1
649464,3,1,1,2,0.1
649658,3,1,1,2,0.1
650592,3,1,1,2,0.1
652581,3,1,1,2,0.1
652605,3,1,1,2,0.1
653671,3,1,1,2,0.1
654345,3,1,1,2,0.1
661518,3,1,1,2,0.1
662578,3,1,1,2,0.1
663976,3,1,1,2,0.1
666081,3,1,1,2,0.1
666179,3,1,1,2,0.1
668488,3,1,1,2,0.1
671688,3,1,1,2,0.1
671973,3,1,1,2,0.1
672627,3,1,1,2,0.1
675689,3,1,1,2,0.1
678179,3,3,1,3,0.09
679747,3,3,1,3,0.09
679842,3,3,1,3,0.09
681662,3,3,1,3,0.09
683132,3,3,1,3,0.09
685763,3,3,1,3,0.09
685831,3,3,1,3,0.09
686710,3,3,1,3,0.09
687138,3,3,1,3,0.09
687748,3,3,1,3,0.09
690259,3,3,1,3,0.09
690739,3,3,1,3,0.09
692495,3,3,1,3,0.09
694150,3,3,1,3,0.09
694731,3,3,1,3,0.09
695334,3,3,1,3,0.09
695592,3,3,1,3,0.09
695842,3,3,1,3,0.09
696022,3,3,1,3,0.09
696023,3,3,1,3,0.09
696982,3,3,1,3,0.09
697021,3,3,1,3,0.09
698229,3,3,1,3,0.09
698775,3,3,1,3,0.09
701705,3,3,1,3,0.09
702504,3,3,1,3,0.09
703153,3,3,1,3,0.09
704264,3,3,1,3,0.09
704397,3,3,1,3,0.09
706832,3,3,1,3,0.09
707551,3,2,1,4,0.12
708086,3,2,1,4,0.12
710836,3,2,1,4,0.12
712683,3,2,1,4,0.12
717101,3,2,1,4,0.12
717817,3,2,1,4,0.12
720401,3,2,1,4,0.12
721477,3,2,1,4,0.12
722067,3,2,1,4,0.12
722552,3,2,1,4,0.12
724284,3,2,1,4,0.12
726819,3,2,1,4,0.12
727405,3,2,1,4,0.12
728512,3,2,1,4,0.12
731210,3,2,1,4,0.12
732609,3,2,1,4,0.12
735052,3,2,1,4,0.12
736931,3,2,1,4,0.12
737339,3,2,1,4,0.12
737554,3,2,1,4,0.12
737629,3,2,1,4,0.12
737638,3,2,1,4,0.12
739240,3,2,1,4,0.12
741412,3,2,1,4,0.12
742924,3,2,1,4,0.12
744648,3,2,1,4,0.12
747943,3,2,1,4,0.12
753215,3,2,1,4,0.12
757389,3,2,1,4,0.12
759100,3,2,1,4,0.12
760252,3,3,2,1,0.05
760307,3,3,2,1,0.05
761547,3,3,2,1,0.05
766040,3,3,2,1,0.05
766634,3,3,2,1,0.05
767283,3,3,2,1,0.05
767825,3,3,2,1,0.05
768596,3,3,2,1,0.05
768868,3,3,2,1,0.05
774363,3,3,2,1,0.05
774589,3,3,2,1,0.05
777042,3,3,2,1,0.05
777865,3,3,2,1,0.05
778963,3,3,2,1,0.05
778987,3,3,2,1,0.05
779661,3,3,2,1,0.05
780510,3,3,2,1,0.05
782083,3,3,2,1,0.05
785514,3,3,2,1,0.05
786013,3,3,2,1,0.05
786704,3,3,2,1,0.05
788315,3,3,2,1,0.05
788438,3,3,2,1,0.05
790470,3,3,2,1,0.05
791285,3,3,2,1,0.05
791658,3,3,2,1,0.05
794921,3,3,2,1,0.05
796159,3,3,2,1,0.05
796392,3,3,2,1,0.05
796787,3,3,2,1,0.05
797891,3,4,2,2,0.04
800557,3,4,2,2,0.04
802841,3,4,2,2,0.04
803496,3,4,2,2,0.04
803612,3,4,2,2,0.04
805336,3,4,2,2,0.04
805849,3,4,2,2,0.04
806167,3,4,2,2,0.04
806896,3,4,2,2,0.04
807333,3,4,2,2,0.04
809818,3,4,2,2,0.04
810577,3,4,2,2,0.04
810789,3,4,2,2,0.04
810978,3,4,2,2,0.04
811023,3,4,2,2,0.04
811505,3,4,2,2,0.04
811830,3,4,2,2,0.04
813798,3,4,2,2,0.04
817697,3,4,2,2,0.04
819509,3,4,2,2,0.04
820868,3,4,2,2,0.04
821479,3,4,2,2,0.04
823599,3,4,2,2,0.04
823974,3,4,2,2,0.04
824273,3,4,2,2,0.04
824388,3,4,2,2,0.04
825244,3,4,2,2,0.04
826375,3,4,2,2,0.04
826538,3,4,2,2,0.04
826995,3,4,2,2,0.04
827377,3,4,2,3,0.05
827527,3,4,2,3,0.05
828416,3,4,2,3,0.05
830329,3,4,2,3,0.05
830669,3,4,2,3,0.05
831710,3,4,2,3,0.05
832827,3,4,2,3,0.05
833712,3,4,2,3,0.05
833786,3,4,2,3,0.05
834792,3,4,2,3,0.05
834916,3,4,2,3,0.05
836301,3,4,2,3,0.05
837212,3,4,2,3,0.05
837759,3,4,2,3,0.05
838754,3,4,2,3,0.05
838814,3,4,2,3,0.05
842453,3,4,2,3,0.05
842533,3,4,2,3,0.05
844092,3,4,2,3,0.05
844650,3,4,2,3,0.05
845838,3,4,2,3,0.05
846319,3,4,2,3,0.05
846959,3,4,2,3,0.05
847557,3,4,2,3,0.05
847728,3,4,2,3,0.05
848821,3,4,2,3,0.05
849851,3,4,2,3,0.05
851885,3,4,2,3,0.05
852237,3,4,2,3,0.05
852277,3,4,2,3,0.05
853721,3,3,2,4,0.09
854310,3,3,2,4,0.09
854865,3,3,2,4,0.09
859140,3,3,2,4,0.09
859186,3,3,2,4,0.09
860019,3,3,2,4,0.09
860273,3,3,2,4,0.09
860703,3,3,2,4,0.09
861056,3,3,2,4,0.09
862037,3,3,2,4,0.09
862196,3,3,2,4,0.09
862223,3,3,2,4,0.09
863670,3,3,2,4,0.09
865218,3,3,2,4,0.09
866131,3,3,2,4,0.09
866427,3,3,2,4,0.09
866857,3,3,2,4,0.09
868600,3,3,2,4,0.09
872113,3,3,2,4,0.09
874124,3,3,2,4,0.09
875012,3,3,2,4,0.09
875921,3,3,2,4,0.09
876817,3,3,2,4,0.09
877028,3,3,2,4,0.09
879556,3,3,2,4,0.09
879840,3,3,2,4,0.09
880629,3,3,2,4,0.09
881081,3,3,2,4,0.09
881657,3,3,2,4,0.09
881727,3,3,2,4,0.09
884523,4,2,1,1,0.05
886814,4,2,1,1,0.05
887499,4,2,1,1,0.05
887958,4,2,1,1,0.05
892438,4,2,1,1,0.05
892733,4,2,1,1,0.05
893230,4,2,1,1,0.05
893357,4,2,1,1,0.05
894115,4,2,1,1,0.05
897834,4,2,1,1,0.05
898240,4,2,1,1,0.05
898425,4,2,1,1,0.05
899406,4,2,1,1,0.05
900538,4,2,1,1,0.05
902560,4,2,1,1,0.05
903813,4,2,1,1,0.05
905669,4,2,1,1,0.05
910055,4,2,1,1,0.05
914089,4,2,1,1,0.05
914208,4,2,1,1,0.05
915111,4,2,1,1,0.05
916025,4,2,1,1,0.05
917295,4,2,1,1,0.05
920116,4,2,1,1,0.05
920851,4,2,1,1,0.05
921421,4,2,1,1,0.05
926536,4,2,1,1,0.05
928927,4,2,1,1,0.05
931716,4,2,1,1,0.05
931983,4,2,1,1,0.05
933278,4,2,1,2,0.06
934196,4,2,1,2,0.06
936197,4,2,1,2,0.06
937136,4,2,1,2,0.06
937234,4,2,1,2,0.06
937811,4,2,1,2,0.06
937862,4,2,1,2,0.06
938603,4,2,1,2,0.06
940194,4,2,1,2,0.06
940214,4,2,1,2,0.06
940336,4,2,1,2,0.06
940579,4,2,1,2,0.06
941290,4,2,1,2,0.06
942476,4,2,1,2,0.06
943702,4,2,1,2,0.06
944213,4,2,1,2,0.06
944636,4,2,1,2,0.06
946638,4,2,1,2,0.06
946972,4,2,1,2,0.06
948583,4,2,1,2,0.06
949746,4,2,1,2,0.06
952681,4,2,1,2,0.06
953821,4,2,1,2,0.06
954773,4,2,1,2,0.06
954942,4,2,1,2,0.06
956491,4,2,1,2,0.06
956672,4,2,1,2,0.06
960468,4,2,1,2,0.06
961255,4,2,1,2,0.06
961988,4,2,1,2,0.06
962002,4,3,1,3,0.06
964606,4,3,1,3,0.06
965209,4,3,1,3,0.06
969239,4,3,1,3,0.06
969331,4,3,1,3,0.06
969747,4,3,1,3,0.06
969921,4,3,1,3,0.06
970346,4,3,1,3,0.06
970839,4,3,1,3,0.06
973263,4,3,1,3,0.06
976055,4,3,1,3,0.06
977171,4,3,1,3,0.06
977203,4,3,1,3,0.06
977809,4,3,1,3,0.06
978887,4,3,1,3,0.06
980399,4,3,1,3,0.06
981050,4,3,1,3,0.06
981499,4,3,1,3,0.06
981694,4,3,1,3,0.06
983469,4,3,1,3,0.06
984234,4,3,1,3,0.06
984516,4,3,1,3,0.06
985182,4,3,1,3,0.06
986744,4,3,1,3,0.06
987240,4,3,1,3,0.06
988301,4,3,1,3,0.06
989106,4,3,1,3,0.06
991464,4,3,1,3,0.06
991776,4,3,1,3,0.06
994049,4,3,1,3,0.06
994419,4,1,1,4,0.1
994602,4,1,1,4,0.1
995712,4,1,1,4,0.1
995885,4,1,1,4,0.1
997979,4,1,1,4,0.1
998809,4,1,1,4,0.1
1001809,4,1,1,4,0.1
1002582,4,1,1,4,0.1
1002675,4,1,1,4,0.1
1006812,4,1,1,4,0.1
1011121,4,1,1,4,0.1
1011829,4,1,1,4,0.1
1013774,4,1,1,4,0.1
1013889,4,1,1,4,0.1
1014791,4,1,1,4,0.1
1015660,4,1,1,4,0.1
1015961,4,1,1,4,0.1
1016790,4,1,1,4,0.1
1017051,4,1,1,4,0.1
1018248,4,1,1,4,0.1
1018701,4,1,1,4,0.1
1018868,4,1,1,4,0.1
1018935,4,1,1,4,0.1
1022276,4,1,1,4,0.1
1024618,4,1,1,4,0.1
1025132,4,1,1,4,0.1
1025304,4,1,1,4,0.1
1025906,4,1,1,4,0.1
1027114,4,1,1,4,0.1
1027380,4,1,1,4,0.1
1028016,4,1,2,1,0.04
1028098,4,1,2,1,0.04
1028317,4,1,2,1,0.04
1028772,4,1,2,1,0.04
1029303,4,1,2,1,0.04
1032916,4,1,2,1,0.04
1034734,4,1,2,1,0.04
1036008,4,1,2,1,0.04
1037211,4,1,2,1,0.04
1037471,4,1,2,1,0.04
1037510,4,1,2,1,0.04
1038810,4,1,2,1,0.04
1039724,4,1,2,1,0.04
1040835,4,1,2,1,0.04
1043318,4,1,2,1,0.04
1044076,4,1,2,1,0.04
1047057,4,1,2,1,0.04
1048724,4,1,2,1,0.04
1049407,4,1,2,1,0.04
1050923,4,1,2,1,0.04
1051347,4,1,2,1,0.04
1051752,4,1,2,1,0.04
1053020,4,1,2,1,0.04
1054140,4,1,2,1,0.04
1054822,4,1,2,1,0.04
1055199,4,1,2,1,0.04
1056053,4,1,2,1,0.04
1056712,4,1,2,1,0.04
1056921,4,1,2,1,0.04
1058080,4,1,2,1,0.04
1058623,4,4,2,2,0.01
1059023,4,4,2,2,0.01
1059297,4,4,2,2,0.01
1061118,4,4,2,2,0.01
1062427,4,4,2,2,0.01
1063816,4,4,2,2,0.01
1064138,4,4,2,2,0.01
1064489,4,4,2,2,0.01
1067165,4,4,2,2,0.01
1067502,4,4,2,2,0.01
1067855,4,4,2,2,0.01
1070725,4,4,2,2,0.01
1073214,4,4,2,2,0.01
1076858,4,4,2,2,0.01
1077744,4,4,2,2,0.01
1080503,4,4,2,2,0.01
1082469,4,4,2,2,0.01
1085157,4,4,2,2,0.01
1085962,4,4,2,2,0.01
1089925,4,4,2,2,0.01
1092487,4,4,2,2,0.01
1092918,4,4,2,2,0.01
1093625,4,4,2,2,0.01
1094454,4,4,2,2,0.01
1095616,4,4,2,2,0.01
1096271,4,4,2,2,0.01
1096811,4,4,2,2,0.01
1100192,4,4,2,2,0.01
1100365,4,4,2,2,0.01
1101057,4,4,2,2,0.01
1102251,4,2,2,3,0.05
1104908,4,2,2,3,0.05
1108125,4,2,2,3,0.05
1108678,4,2,2,3,0.05
1108758,4,2,2,3,0.05
1109151,4,2,2,3,0.05
1110010,4,2,2,3,0.05
1113555,4,2,2,3,0.05
1117260,4,2,2,3,0.05
1118200,4,2,2,3,0.05
1118822,4,2,2,3,0.05
1119317,4,2,2,3,0.05
1119367,4,2,2,3,0.05
1119779,4,2,2,3,0.05
1121894,4,2,2,3,0.05
1126394,4,2,2,3,0.05
1126984,4,2,2,3,0.05
1128274,4,2,2,3,0.05
1129122,4,2,2,3,0.05
1129543,4,2,2,3,0.05
1130175,4,2,2,3,0.05
1132759,4,2,2,3,0.05
1133050,4,2,2,3,0.05
1137292,4,2,2,3,0.05
1139316,4,2,2,3,0.05
1142311,4,2,2,3,0.05
1142815,4,2,2,3,0.05
1142837,4,2,2,3,0.05
1143949,4,2,2,3,0.05
1144618,4,2,2,3,0.05
1146158,4,4,2,4,0.04
1146528,4,4,2,4,0.04
1146902,4,4,2,4,0.04
1147659,4,4,2,4,0.04
1148795,4,4,2,4,0.04
1149473,4,4,2,4,0.04
1150110,4,4,2,4,0.04
1150458,4,4,2,4,0.04
1151526,4,4,2,4,0.04
1153532,4,4,2,4,0.04
1155436,4,4,2,4,0.04
1157783,4,4,2,4,0.04
1163016,4,4,2,4,0.04
1163915,4,4,2,4,0.04
1164151,4,4,2,4,0.04
1165852,4,4,2,4,0.04
1166958,4,4,2,4,0.04
1169065,4,4,2,4,0.04
1170396,4,4,2,4,0.04
1170629,4,4,2,4,0.04
1172945,4,4,2,4,0.04
1174639,4,4,2,4,0.04
1174830,4,4,2,4,0.04
1176125,4,4,2,4,0.04
1177807,4,4,2,4,0.04
1178315,4,4,2,4,0.04
1182905,4,4,2,4,0.04
1184302,4,4,2,4,0.04
1186170,4,4,2,4,0.04
1188192,4,4,2,4,0.04
1190147,5,2,1,1,0.06
1190721,5,2,1,1,0.06
1191187,5,2,1,1,0.06
1192071,5,2,1,1,0.06
1192980,5,2,1,1,0.06
1195691,5,2,1,1,0.06
1198217,5,2,1,1,0.06
1199746,5,2,1,1,0.06
1200808,5,2,1,1,0.06
1201885,5,2,1,1,0.06
1204260,5,2,1,1,0.06
1206520,5,2,1,1,0.06
1207164,5,2,1,1,0.06
1207526,5,2,1,1,0.06
1208658,5,2,1,1,0.06
1209222,5,2,1,1,0.06
1209587,5,2,1,1,0.06
1210120,5,2,1,1,0.06
1210629,5,2,1,1,0.06
1211741,5,2,1,1,0.06
1212164,5,2,1,1,0.06
1212456,5,2,1,1,0.06
1212663,5,2,1,1,0.06
1213655,5,2,1,1,0.06
1215370,5,2,1,1,0.06
1215858,5,2,1,1,0.06
1216183,5,2,1,1,0.06
1218054,5,2,1,1,0.06
1220335,5,2,1,1,0.06
1223730,5,2,1,1,0.06
1224110,5,2,1,2,0.07
1224228,5,2,1,2,0.07
1224422,5,2,1,2,0.07
1224882,5,2,1,2,0.07
1225517,5,2,1,2,0.07
1226693,5,2,1,2,0.07
1226806,5,2,1,2,0.07
1226817,5,2,1,2,0.07
1226986,5,2,1,2,0.07
1231907,5,2,1,2,0.07
1233876,5,2,1,2,0.07
1235389,5,2,1,2,0.07
1236456,5,2,1,2,0.07
1236775,5,2,1,2,0.07
1237746,5,2,1,2,0.07
1238491,5,2,1,2,0.07
1238841,5,2,1,2,0.07
1239380,5,2,1,2,0.07
1241239,5,2,1,2,0.07
1241926,5,2,1,2,0.07
1243084,5,2,1,2,0.07
1243243,5,2,1,2,0.07
1246459,5,2,1,2,0.07
1247600,5,2,1,2,0.07
1247993,5,2,1,2,0.07
1248048,5,2,1,2,0.07
1248093,5,2,1,2,0.07
1250570,5,2,1,2,0.07
1251121,5,2,1,2,0.07
1251583,5,2,1,2,0.07
1255491,5,2,1,3,0.08
1256250,5,2,1,3,0.08
1257135,5,2,1,3,0.08
1257461,5,2,1,3,0.08
1258423,5,2,1,3,0.08
1259331,5,2,1,3,0.08
1260216,5,2,1,3,0.08
1260485,5,2,1,3,0.08
1260644,5,2,1,3,0.08
1260700,5,2,1,3,0.08
1260962,5,2,1,3,0.08
1262883,5,2,1,3,0.08
1263926,5,2,1,3,0.08
1267215,5,2,1,3,0.08
1268260,5,2,1,3,0.08
1273358,5,2,1,3,0.08
1273527,5,2,1,3,0.08
1276844,5,2,1,3,0.08
1278245,5,2,1,3,0.08
1278451,5,2,1,3,0.08
1278552,5,2,1,3,0.08
1279798,5,2,1,3,0.08
1280536,5,2,1,3,0.08
1282398,5,2,1,3,0.08
1284519,5,2,1,3,0.08
1290246,5,2,1,3,0.08
1292326,5,2,1,3,0.08
1292327,5,2,1,3,0.08
1293308,5,2,1,3,0.08
1294211,5,2,1,3,0.08
1294360,5,2,1,4,0.1
1296994,5,2,1,4,0.1
1298693,5,2,1,4,0.1
1298872,5,2,1,4,0.1
1299638,5,2,1,4,0.1
1303989,5,2,1,4,0.1
1304509,5,2,1,4,0.1
1304934,5,2,1,4,0.1
1308251,5,2,1,4,0.1
1309492,5,2,1,4,0.1
1310627,5,2,1,4,0.1
1313999,5,2,1,4,0.1
1314483,5,2,1,4,0.1
1316052,5,2,1,4,0.1
1317137,5,2,1,4,0.1
1318493,5,2,1,4,0.1
1318830,5,2,1,4,0.1
1321149,5,2,1,4,0.1
1323019,5,2,1,4,0.1
1326905,5,2,1,4,0.1
1328010,5,2,1,4,0.1
1328145,5,2,1,4,0.1
1329198,5,2,1,4,0.1
1329602,5,2,1,4,0.1
1330034,5,2,1,4,0.1
1330995,5,2,1,4,0.1
1334674,5,2,1,4,0.1
1334711,5,2,1,4,0.1
1337826,5,2,1,4,0.1
1340450,5,2,1,4,0.1
1340557,5,3,2,1,0.03
1343078,5,3,2,1,0.03
1346413,5,3,2,1,0.03
1348118,5,3,2,1,0.03
1350753,5,3,2,1,0.03
1351531,5,3,2,1,0.03
1352782,5,3,2,1,0.03
1355990,5,3,2,1,0.03
1357787,5,3,2,1,0.03
1359803,5,3,2,1,0.03
1361064,5,3,2,1,0.03
1362993,5,3,2,1,0.03
1363414,5,3,2,1,0.03
1364855,5,3,2,1,0.03
1364963,5,3,2,1,0.03
1366786,5,3,2,1,0.03
1366899,5,3,2,1,0.03
1367105,5,3,2,1,0.03
1367226,5,3,2,1,0.03
1367759,5,3,2,1,0.03
1368135,5,3,2,1,0.03
1369413,5,3,2,1,0.03
1369542,5,3,2,1,0.03
1370653,5,3,2,1,0.03
1375966,5,3,2,1,0.03
1377539,5,3,2,1,0.03
1377744,5,3,2,1,0.03
1378347,5,3,2,1,0.03
1378740,5,3,2,1,0.03
1379318,5,3,2,1,0.03
1380006,5,2,2,2,0.05
1380093,5,2,2,2,0.05
1380929,5,2,2,2,0.05
1382716,5,2,2,2,0.05
1382735,5,2,2,2,0.05
1383683,5,2,2,2,0.05
1390860,5,2,2,2,0.05
1390980,5,2,2,2,0.05
1393795,5,2,2,2,0.05
1395015,5,2,2,2,0.05
1396434,5,2,2,2,0.05
1397031,5,2,2,2,0.05
1399166,5,2,2,2,0.05
1403259,5,2,2,2,0.05
1404864,5,2,2,2,0.05
1406473,5,2,2,2,0.05
1409601,5,2,2,2,0.05
1411786,5,2,2,2,0.05
1412925,5,2,2,2,0.05
1413379,5,2,2,2,0.05
1414543,5,2,2,2,0.05
1415238,5,2,2,2,0.05
1415834,5,2,2,2,0.05
1419798,5,2,2,2,0.05
1422374,5,2,2,2,0.05
1424259,5,2,2,2,0.05
1424428,5,2,2,2,0.05
1425111,5,2,2,2,0.05
1426674,5,2,2,2,0.05
1428012,5,2,2,2,0.05
1428034,5,1,2,3,0.07
1429606,5,1,2,3,0.07
1429616,5,1,2,3,0.07
1429636,5,1,2,3,0.07
1430825,5,1,2,3,0.07
1431487,5,1,2,3,0.07
1431637,5,1,2,3,0.07
1432380,5,1,2,3,0.07
1432449,5,1,2,3,0.07
1433164,5,1,2,3,0.07
1433461,5,1,2,3,0.07
1434073,5,1,2,3,0.07
1436523,5,1,2,3,0.07
1437055,5,1,2,3,0.07
1437443,5,1,2,3,0.07
1438069,5,1,2,3,0.07
1442434,5,1,2,3,0.07
1443682,5,1,2,3,0.07
1444566,5,1,2,3,0.07
1444815,5,1,2,3,0.07
1445253,5,1,2,3,0.07
1446486,5,1,2,3,0.07
1447018,5,1,2,3,0.07
1449974,5,1,2,3,0.07
1452100,5,1,2,3,0.07
1455535,5,1,2,3,0.07
1456050,5,1,2,3,0.07
1457241,5,1,2,3,0.07
1458415,5,1,2,3,0.07
1459789,5,1,2,3,0.07
1464094,5,2,2,4,0.08
1466650,5,2,2,4,0.08
1469075,5,2,2,4,0.08
1471202,5,2,2,4,0.08
1471956,5,2,2,4,0.08
1479373,5,2,2,4,0.08
1480814,5,2,2,4,0.08
1482422,5,2,2,4,0.08
1482953,5,2,2,4,0.08
1483129,5,2,2,4,0.08
1483860,5,2,2,4,0.08
1486022,5,2,2,4,0.08
1486206,5,2,2,4,0.08
1486648,5,2,2,4,0.08
1487104,5,2,2,4,0.08
1488605,5,2,2,4,0.08
1490468,5,2,2,4,0.08
1492688,5,2,2,4,0.08
1494968,5,2,2,4,0.08
1495601,5,2,2,4,0.08
1496118,5,2,2,4,0.08
1496657,5,2,2,4,0.08
1497474,5,2,2,4,0.08
1497707,5,2,2,4,0.08
1497850,5,2,2,4,0.08
1498605,5,2,2,4,0.08
1500146,5,2,2,4,0.08
1500746,5,2,2,4,0.08
1501296,5,2,2,4,0.08
1504717,5,2,2,4,0.08
